[{"model": "admin.logentry", "pk": 1, "fields": {"action_time": "2024-01-31T12:25:44.555Z", "user": 1, "content_type": 7, "object_id": "2", "object_repr": "Second Post", "action_flag": 1, "change_message": "[{\"added\": {}}]"}}, {"model": "admin.logentry", "pk": 2, "fields": {"action_time": "2024-01-31T12:28:54.801Z", "user": 1, "content_type": 4, "object_id": "2", "object_repr": "admin2", "action_flag": 1, "change_message": "[{\"added\": {}}]"}}, {"model": "admin.logentry", "pk": 3, "fields": {"action_time": "2024-01-31T12:56:12.258Z", "user": 1, "content_type": 7, "object_id": "3", "object_repr": "shell", "action_flag": 2, "change_message": "[{\"changed\": {\"fields\": [\"Slug\"]}}]"}}, {"model": "admin.logentry", "pk": 4, "fields": {"action_time": "2024-01-31T13:10:12.041Z", "user": 1, "content_type": 7, "object_id": "1", "object_repr": "first post", "action_flag": 2, "change_message": "[{\"changed\": {\"fields\": [\"Slug\"]}}]"}}, {"model": "admin.logentry", "pk": 5, "fields": {"action_time": "2024-02-05T16:49:49.985Z", "user": 1, "content_type": 7, "object_id": "4", "object_repr": "first post", "action_flag": 1, "change_message": "[{\"added\": {}}]"}}, {"model": "admin.logentry", "pk": 6, "fields": {"action_time": "2024-02-05T20:07:14.422Z", "user": 1, "content_type": 7, "object_id": "5", "object_repr": "second event", "action_flag": 1, "change_message": "[{\"added\": {}}]"}}, {"model": "admin.logentry", "pk": 7, "fields": {"action_time": "2024-02-05T20:07:33.260Z", "user": 1, "content_type": 7, "object_id": "3", "object_repr": "shell", "action_flag": 2, "change_message": "[{\"changed\": {\"fields\": [\"Slug\", \"Status\"]}}]"}}, {"model": "admin.logentry", "pk": 8, "fields": {"action_time": "2024-02-05T20:08:02.303Z", "user": 1, "content_type": 7, "object_id": "4", "object_repr": "first post", "action_flag": 2, "change_message": "[{\"changed\": {\"fields\": [\"Status\"]}}]"}}, {"model": "admin.logentry", "pk": 9, "fields": {"action_time": "2024-02-06T09:56:57.911Z", "user": 1, "content_type": 7, "object_id": "2", "object_repr": "Second Post", "action_flag": 2, "change_message": "[{\"changed\": {\"fields\": [\"Status\"]}}]"}}, {"model": "admin.logentry", "pk": 10, "fields": {"action_time": "2024-02-08T10:36:37.556Z", "user": 1, "content_type": 7, "object_id": "1", "object_repr": "first post", "action_flag": 2, "change_message": "[{\"changed\": {\"fields\": [\"Content\"]}}]"}}, {"model": "admin.logentry", "pk": 11, "fields": {"action_time": "2024-02-09T11:59:38.310Z", "user": 1, "content_type": 8, "object_id": "1", "object_repr": "comment by admin on first post", "action_flag": 1, "change_message": "[{\"added\": {}}]"}}, {"model": "admin.logentry", "pk": 12, "fields": {"action_time": "2024-02-09T12:13:09.979Z", "user": 1, "content_type": 8, "object_id": "2", "object_repr": "comment by admin on Second Post", "action_flag": 1, "change_message": "[{\"added\": {}}]"}}, {"model": "admin.logentry", "pk": 13, "fields": {"action_time": "2024-02-10T21:11:43.499Z", "user": 1, "content_type": 8, "object_id": "1", "object_repr": "comment by john on first post", "action_flag": 2, "change_message": "[{\"changed\": {\"fields\": [\"Name\", \"Email\"]}}]"}}, {"model": "admin.logentry", "pk": 14, "fields": {"action_time": "2024-02-10T21:12:23.518Z", "user": 1, "content_type": 8, "object_id": "3", "object_repr": "comment by jpc1 on first post", "action_flag": 1, "change_message": "[{\"added\": {}}]"}}, {"model": "admin.logentry", "pk": 15, "fields": {"action_time": "2024-02-10T21:15:56.793Z", "user": 1, "content_type": 8, "object_id": "4", "object_repr": "comment by Johnpaul Gabriel on first post", "action_flag": 1, "change_message": "[{\"added\": {}}]"}}, {"model": "admin.logentry", "pk": 16, "fields": {"action_time": "2024-02-14T13:10:40.372Z", "user": 1, "content_type": 9, "object_id": "1", "object_repr": "new", "action_flag": 2, "change_message": "[{\"added\": {\"name\": \"tagged item\", \"object\": \"None tagged with new\"}}]"}}, {"model": "admin.logentry", "pk": 17, "fields": {"action_time": "2024-02-14T13:11:25.164Z", "user": 1, "content_type": 9, "object_id": "1", "object_repr": "new", "action_flag": 2, "change_message": "[{\"deleted\": {\"name\": \"tagged item\", \"object\": \"None tagged with new\"}}]"}}, {"model": "admin.logentry", "pk": 18, "fields": {"action_time": "2024-02-26T14:04:05.476Z", "user": 1, "content_type": 7, "object_id": "2", "object_repr": "Second Post", "action_flag": 2, "change_message": "[{\"changed\": {\"fields\": [\"Tags\"]}}]"}}, {"model": "admin.logentry", "pk": 19, "fields": {"action_time": "2024-02-26T14:23:22.186Z", "user": 1, "content_type": 7, "object_id": "3", "object_repr": "shell", "action_flag": 2, "change_message": "[{\"changed\": {\"fields\": [\"Tags\"]}}]"}}, {"model": "admin.logentry", "pk": 20, "fields": {"action_time": "2024-02-26T14:23:34.358Z", "user": 1, "content_type": 7, "object_id": "3", "object_repr": "shell", "action_flag": 2, "change_message": "[]"}}, {"model": "admin.logentry", "pk": 21, "fields": {"action_time": "2024-02-26T15:59:07.819Z", "user": 1, "content_type": 7, "object_id": "2", "object_repr": "Second Post", "action_flag": 2, "change_message": "[{\"changed\": {\"fields\": [\"Tags\"]}}]"}}, {"model": "admin.logentry", "pk": 22, "fields": {"action_time": "2024-02-27T12:04:12.026Z", "user": 1, "content_type": 7, "object_id": "1", "object_repr": "first post", "action_flag": 2, "change_message": "[{\"changed\": {\"fields\": [\"Tags\"]}}]"}}, {"model": "admin.logentry", "pk": 23, "fields": {"action_time": "2024-02-27T12:15:05.664Z", "user": 1, "content_type": 7, "object_id": "1", "object_repr": "first post", "action_flag": 2, "change_message": "[{\"changed\": {\"fields\": [\"Tags\"]}}]"}}, {"model": "admin.logentry", "pk": 24, "fields": {"action_time": "2024-02-27T12:16:59.204Z", "user": 1, "content_type": 7, "object_id": "5", "object_repr": "second event", "action_flag": 2, "change_message": "[{\"changed\": {\"fields\": [\"Tags\"]}}]"}}, {"model": "admin.logentry", "pk": 25, "fields": {"action_time": "2024-02-27T12:19:51.882Z", "user": 1, "content_type": 7, "object_id": "1", "object_repr": "first post", "action_flag": 2, "change_message": "[{\"changed\": {\"fields\": [\"Tags\"]}}]"}}, {"model": "admin.logentry", "pk": 26, "fields": {"action_time": "2024-02-27T12:20:34.514Z", "user": 1, "content_type": 7, "object_id": "5", "object_repr": "second event", "action_flag": 2, "change_message": "[{\"changed\": {\"fields\": [\"Tags\"]}}]"}}, {"model": "admin.logentry", "pk": 27, "fields": {"action_time": "2024-02-27T12:21:24.295Z", "user": 1, "content_type": 7, "object_id": "3", "object_repr": "shell", "action_flag": 2, "change_message": "[{\"changed\": {\"fields\": [\"Tags\"]}}]"}}, {"model": "admin.logentry", "pk": 28, "fields": {"action_time": "2024-02-27T12:48:04.868Z", "user": 1, "content_type": 7, "object_id": "3", "object_repr": "shell", "action_flag": 2, "change_message": "[{\"changed\": {\"fields\": [\"Tags\"]}}]"}}, {"model": "admin.logentry", "pk": 29, "fields": {"action_time": "2024-02-27T13:12:20.889Z", "user": 1, "content_type": 7, "object_id": "5", "object_repr": "second event", "action_flag": 2, "change_message": "[{\"changed\": {\"fields\": [\"Tags\"]}}]"}}, {"model": "admin.logentry", "pk": 30, "fields": {"action_time": "2024-02-28T16:30:01.177Z", "user": 1, "content_type": 9, "object_id": "1", "object_repr": "news", "action_flag": 2, "change_message": "[{\"changed\": {\"fields\": [\"Name\", \"Slug\"]}}]"}}, {"model": "admin.logentry", "pk": 31, "fields": {"action_time": "2024-02-28T19:25:24.865Z", "user": 1, "content_type": 7, "object_id": "2", "object_repr": "Second Post", "action_flag": 2, "change_message": "[{\"changed\": {\"fields\": [\"Content\"]}}]"}}, {"model": "admin.logentry", "pk": 32, "fields": {"action_time": "2024-03-06T19:51:15.959Z", "user": 1, "content_type": 7, "object_id": "6", "object_repr": "markdown", "action_flag": 1, "change_message": "[{\"added\": {}}]"}}, {"model": "admin.logentry", "pk": 33, "fields": {"action_time": "2024-03-07T09:30:16.940Z", "user": 1, "content_type": 7, "object_id": "6", "object_repr": "markdown", "action_flag": 2, "change_message": "[{\"changed\": {\"fields\": [\"Content\"]}}]"}}, {"model": "admin.logentry", "pk": 34, "fields": {"action_time": "2024-03-07T09:31:19.407Z", "user": 1, "content_type": 7, "object_id": "6", "object_repr": "markdown", "action_flag": 2, "change_message": "[{\"changed\": {\"fields\": [\"Content\"]}}]"}}, {"model": "admin.logentry", "pk": 35, "fields": {"action_time": "2024-03-07T16:50:44.382Z", "user": 1, "content_type": 11, "object_id": "1", "object_repr": "jpc.com", "action_flag": 2, "change_message": "[{\"changed\": {\"fields\": [\"Domain name\", \"Display name\"]}}]"}}, {"model": "admin.logentry", "pk": 36, "fields": {"action_time": "2024-03-07T17:29:50.223Z", "user": 1, "content_type": 11, "object_id": "1", "object_repr": "http://127.0.0.1:8000/", "action_flag": 2, "change_message": "[{\"changed\": {\"fields\": [\"Domain name\"]}}]"}}, {"model": "admin.logentry", "pk": 37, "fields": {"action_time": "2024-03-07T17:46:06.924Z", "user": 1, "content_type": 11, "object_id": "1", "object_repr": "127.0.0.1:8000/", "action_flag": 2, "change_message": "[{\"changed\": {\"fields\": [\"Domain name\"]}}]"}}, {"model": "auth.permission", "pk": 1, "fields": {"name": "Can add log entry", "content_type": 1, "codename": "add_logentry"}}, {"model": "auth.permission", "pk": 2, "fields": {"name": "Can change log entry", "content_type": 1, "codename": "change_logentry"}}, {"model": "auth.permission", "pk": 3, "fields": {"name": "Can delete log entry", "content_type": 1, "codename": "delete_logentry"}}, {"model": "auth.permission", "pk": 4, "fields": {"name": "Can view log entry", "content_type": 1, "codename": "view_logentry"}}, {"model": "auth.permission", "pk": 5, "fields": {"name": "Can add permission", "content_type": 2, "codename": "add_permission"}}, {"model": "auth.permission", "pk": 6, "fields": {"name": "Can change permission", "content_type": 2, "codename": "change_permission"}}, {"model": "auth.permission", "pk": 7, "fields": {"name": "Can delete permission", "content_type": 2, "codename": "delete_permission"}}, {"model": "auth.permission", "pk": 8, "fields": {"name": "Can view permission", "content_type": 2, "codename": "view_permission"}}, {"model": "auth.permission", "pk": 9, "fields": {"name": "Can add group", "content_type": 3, "codename": "add_group"}}, {"model": "auth.permission", "pk": 10, "fields": {"name": "Can change group", "content_type": 3, "codename": "change_group"}}, {"model": "auth.permission", "pk": 11, "fields": {"name": "Can delete group", "content_type": 3, "codename": "delete_group"}}, {"model": "auth.permission", "pk": 12, "fields": {"name": "Can view group", "content_type": 3, "codename": "view_group"}}, {"model": "auth.permission", "pk": 13, "fields": {"name": "Can add user", "content_type": 4, "codename": "add_user"}}, {"model": "auth.permission", "pk": 14, "fields": {"name": "Can change user", "content_type": 4, "codename": "change_user"}}, {"model": "auth.permission", "pk": 15, "fields": {"name": "Can delete user", "content_type": 4, "codename": "delete_user"}}, {"model": "auth.permission", "pk": 16, "fields": {"name": "Can view user", "content_type": 4, "codename": "view_user"}}, {"model": "auth.permission", "pk": 17, "fields": {"name": "Can add content type", "content_type": 5, "codename": "add_contenttype"}}, {"model": "auth.permission", "pk": 18, "fields": {"name": "Can change content type", "content_type": 5, "codename": "change_contenttype"}}, {"model": "auth.permission", "pk": 19, "fields": {"name": "Can delete content type", "content_type": 5, "codename": "delete_contenttype"}}, {"model": "auth.permission", "pk": 20, "fields": {"name": "Can view content type", "content_type": 5, "codename": "view_contenttype"}}, {"model": "auth.permission", "pk": 21, "fields": {"name": "Can add session", "content_type": 6, "codename": "add_session"}}, {"model": "auth.permission", "pk": 22, "fields": {"name": "Can change session", "content_type": 6, "codename": "change_session"}}, {"model": "auth.permission", "pk": 23, "fields": {"name": "Can delete session", "content_type": 6, "codename": "delete_session"}}, {"model": "auth.permission", "pk": 24, "fields": {"name": "Can view session", "content_type": 6, "codename": "view_session"}}, {"model": "auth.permission", "pk": 25, "fields": {"name": "Can add post", "content_type": 7, "codename": "add_post"}}, {"model": "auth.permission", "pk": 26, "fields": {"name": "Can change post", "content_type": 7, "codename": "change_post"}}, {"model": "auth.permission", "pk": 27, "fields": {"name": "Can delete post", "content_type": 7, "codename": "delete_post"}}, {"model": "auth.permission", "pk": 28, "fields": {"name": "Can view post", "content_type": 7, "codename": "view_post"}}, {"model": "auth.permission", "pk": 29, "fields": {"name": "Can add comment", "content_type": 8, "codename": "add_comment"}}, {"model": "auth.permission", "pk": 30, "fields": {"name": "Can change comment", "content_type": 8, "codename": "change_comment"}}, {"model": "auth.permission", "pk": 31, "fields": {"name": "Can delete comment", "content_type": 8, "codename": "delete_comment"}}, {"model": "auth.permission", "pk": 32, "fields": {"name": "Can view comment", "content_type": 8, "codename": "view_comment"}}, {"model": "auth.permission", "pk": 33, "fields": {"name": "Can add tag", "content_type": 9, "codename": "add_tag"}}, {"model": "auth.permission", "pk": 34, "fields": {"name": "Can change tag", "content_type": 9, "codename": "change_tag"}}, {"model": "auth.permission", "pk": 35, "fields": {"name": "Can delete tag", "content_type": 9, "codename": "delete_tag"}}, {"model": "auth.permission", "pk": 36, "fields": {"name": "Can view tag", "content_type": 9, "codename": "view_tag"}}, {"model": "auth.permission", "pk": 37, "fields": {"name": "Can add tagged item", "content_type": 10, "codename": "add_taggeditem"}}, {"model": "auth.permission", "pk": 38, "fields": {"name": "Can change tagged item", "content_type": 10, "codename": "change_taggeditem"}}, {"model": "auth.permission", "pk": 39, "fields": {"name": "Can delete tagged item", "content_type": 10, "codename": "delete_taggeditem"}}, {"model": "auth.permission", "pk": 40, "fields": {"name": "Can view tagged item", "content_type": 10, "codename": "view_taggeditem"}}, {"model": "auth.permission", "pk": 41, "fields": {"name": "Can add site", "content_type": 11, "codename": "add_site"}}, {"model": "auth.permission", "pk": 42, "fields": {"name": "Can change site", "content_type": 11, "codename": "change_site"}}, {"model": "auth.permission", "pk": 43, "fields": {"name": "Can delete site", "content_type": 11, "codename": "delete_site"}}, {"model": "auth.permission", "pk": 44, "fields": {"name": "Can view site", "content_type": 11, "codename": "view_site"}}, {"model": "auth.user", "pk": 1, "fields": {"password": "pbkdf2_sha256$720000$v0JcFQ2uB4dF7mthNf0G9Z$xCvUIcNaP/JZcLnOLxEOxsX2tK1G9jSMR+tRKFFQDtc=", "last_login": "2024-03-07T17:29:28.750Z", "is_superuser": true, "username": "admin", "first_name": "", "last_name": "", "email": "admin@mail.com", "is_staff": true, "is_active": true, "date_joined": "2024-01-30T19:49:45.586Z", "groups": [], "user_permissions": []}}, {"model": "auth.user", "pk": 2, "fields": {"password": "pbkdf2_sha256$720000$tbijMiKguelY2puJNRDdal$5Eals6VgeuK4buHQoQP7mkKI1fF78Y+cDnCY6ga6tqM=", "last_login": null, "is_superuser": false, "username": "admin2", "first_name": "", "last_name": "", "email": "", "is_staff": false, "is_active": true, "date_joined": "2024-01-31T12:28:53.794Z", "groups": [], "user_permissions": []}}, {"model": "contenttypes.contenttype", "pk": 1, "fields": {"app_label": "admin", "model": "logentry"}}, {"model": "contenttypes.contenttype", "pk": 2, "fields": {"app_label": "auth", "model": "permission"}}, {"model": "contenttypes.contenttype", "pk": 3, "fields": {"app_label": "auth", "model": "group"}}, {"model": "contenttypes.contenttype", "pk": 4, "fields": {"app_label": "auth", "model": "user"}}, {"model": "contenttypes.contenttype", "pk": 5, "fields": {"app_label": "contenttypes", "model": "contenttype"}}, {"model": "contenttypes.contenttype", "pk": 6, "fields": {"app_label": "sessions", "model": "session"}}, {"model": "contenttypes.contenttype", "pk": 7, "fields": {"app_label": "blog", "model": "post"}}, {"model": "contenttypes.contenttype", "pk": 8, "fields": {"app_label": "blog", "model": "comment"}}, {"model": "contenttypes.contenttype", "pk": 9, "fields": {"app_label": "taggit", "model": "tag"}}, {"model": "contenttypes.contenttype", "pk": 10, "fields": {"app_label": "taggit", "model": "taggeditem"}}, {"model": "contenttypes.contenttype", "pk": 11, "fields": {"app_label": "sites", "model": "site"}}, {"model": "sessions.session", "pk": "4prl38prheal60qhjaz266vq257o1aat", "fields": {"session_data": ".eJxVjMsOwiAQRf-FtSHAhEdduvcbCMNMpWogKe3K-O9K0oVu7znnvkRM-1bi3nmNC4mz0OL0u2HKD64D0D3VW5O51W1dUA5FHrTLayN-Xg7376CkXr51oKAdWFDJowJQDu2EGoiZHIC3XmM2brCQNPGcvfHT7A0aw9plI94fwIs3NQ:1rewBg:IrI7vlCIuQ-jONPx8WvPrF9baX1K_scDtStQIZQ_W4c", "expire_date": "2024-03-12T12:03:56.328Z"}}, {"model": "sessions.session", "pk": "6b6skgco03sie0c6hofcs8a2xtu9tceq", "fields": {"session_data": ".eJxVjMsOwiAQRf-FtSHAhEdduvcbCMNMpWogKe3K-O9K0oVu7znnvkRM-1bi3nmNC4mz0OL0u2HKD64D0D3VW5O51W1dUA5FHrTLayN-Xg7376CkXr51oKAdWFDJowJQDu2EGoiZHIC3XmM2brCQNPGcvfHT7A0aw9plI94fwIs3NQ:1ri9v1:rPl7q10wk0RJhe3Nc66ARVIONZGz25-IRDLtfso36-E", "expire_date": "2024-03-21T09:20:03.885Z"}}, {"model": "sessions.session", "pk": "8qlh5yxbbf6noaavbsxropnarcw09uqx", "fields": {"session_data": ".eJxVjMsOwiAQRf-FtSHAhEdduvcbCMNMpWogKe3K-O9K0oVu7znnvkRM-1bi3nmNC4mz0OL0u2HKD64D0D3VW5O51W1dUA5FHrTLayN-Xg7376CkXr51oKAdWFDJowJQDu2EGoiZHIC3XmM2brCQNPGcvfHT7A0aw9plI94fwIs3NQ:1riHYe:3DSeXw1jusD6hMY5RCnlFZSY6msLVpBQFmAafNbRCDo", "expire_date": "2024-03-21T17:29:28.923Z"}}, {"model": "sessions.session", "pk": "9lf83vgofkgph9b58elcjrlw7p5bn50w", "fields": {"session_data": ".eJxVjMsOwiAQRf-FtSHAhEdduvcbCMNMpWogKe3K-O9K0oVu7znnvkRM-1bi3nmNC4mz0OL0u2HKD64D0D3VW5O51W1dUA5FHrTLayN-Xg7376CkXr51oKAdWFDJowJQDu2EGoiZHIC3XmM2brCQNPGcvfHT7A0aw9plI94fwIs3NQ:1rebYh:7AKP0ciymtSqkO-fr7FlFnwd5ygXmFwd3Ffm0bXDVa8", "expire_date": "2024-03-11T14:02:19.686Z"}}, {"model": "sessions.session", "pk": "bj5cmerh535angss6zdhhrailuv192ak", "fields": {"session_data": ".eJxVjMsOwiAQRf-FtSHAhEdduvcbCMNMpWogKe3K-O9K0oVu7znnvkRM-1bi3nmNC4mz0OL0u2HKD64D0D3VW5O51W1dUA5FHrTLayN-Xg7376CkXr51oKAdWFDJowJQDu2EGoiZHIC3XmM2brCQNPGcvfHT7A0aw9plI94fwIs3NQ:1riGwO:bs2FCcUKgxcUXWOV3qKLcq34KUF2E3luK12FYpNULn8", "expire_date": "2024-03-21T16:49:56.904Z"}}, {"model": "sessions.session", "pk": "lasx0szli1584djr65wrzzz7o4xdizm5", "fields": {"session_data": ".eJxVjMsOwiAQRf-FtSHAhEdduvcbCMNMpWogKe3K-O9K0oVu7znnvkRM-1bi3nmNC4mz0OL0u2HKD64D0D3VW5O51W1dUA5FHrTLayN-Xg7376CkXr51oKAdWFDJowJQDu2EGoiZHIC3XmM2brCQNPGcvfHT7A0aw9plI94fwIs3NQ:1rb126:NUeZLpOs3rSqA4m8rMHXd18F6G4cRhTMtsA-_0Qiu1Y", "expire_date": "2024-03-01T16:25:50.192Z"}}, {"model": "sessions.session", "pk": "moo40uw8nolatavj7eonwap123r0ygjv", "fields": {"session_data": ".eJxVjMsOwiAQRf-FtSHAhEdduvcbCMNMpWogKe3K-O9K0oVu7znnvkRM-1bi3nmNC4mz0OL0u2HKD64D0D3VW5O51W1dUA5FHrTLayN-Xg7376CkXr51oKAdWFDJowJQDu2EGoiZHIC3XmM2brCQNPGcvfHT7A0aw9plI94fwIs3NQ:1rUu7f:gPEGBGYtkuh0rkyOGnePl9jF12FoKFZNbxTjKZDwoiE", "expire_date": "2024-02-13T19:50:19.247Z"}}, {"model": "sessions.session", "pk": "n7lcc2i4smiupwbkgogsfx3848p9l784", "fields": {"session_data": ".eJxVjMsOwiAQRf-FtSHAhEdduvcbCMNMpWogKe3K-O9K0oVu7znnvkRM-1bi3nmNC4mz0OL0u2HKD64D0D3VW5O51W1dUA5FHrTLayN-Xg7376CkXr51oKAdWFDJowJQDu2EGoiZHIC3XmM2brCQNPGcvfHT7A0aw9plI94fwIs3NQ:1rhxHM:ZEF4gOA1yaJNuREzZS8-pjc0wQi70Z2S2_95AwKah54", "expire_date": "2024-03-20T19:50:16.752Z"}}, {"model": "sessions.session", "pk": "pt6lv5x2vf37nxxvnng57xk2tfhj3bbb", "fields": {"session_data": ".eJxVjMsOwiAQRf-FtSHAhEdduvcbCMNMpWogKe3K-O9K0oVu7znnvkRM-1bi3nmNC4mz0OL0u2HKD64D0D3VW5O51W1dUA5FHrTLayN-Xg7376CkXr51oKAdWFDJowJQDu2EGoiZHIC3XmM2brCQNPGcvfHT7A0aw9plI94fwIs3NQ:1rX5Ek:m0sfwErONFz4YQSXNPtgN7zSguxBMlR4fOEl4hATgNw", "expire_date": "2024-02-19T20:06:38.911Z"}}, {"model": "sessions.session", "pk": "qr15315640qgd55tkp00ii7renwgsuje", "fields": {"session_data": ".eJxVjMsOwiAQRf-FtSHAhEdduvcbCMNMpWogKe3K-O9K0oVu7znnvkRM-1bi3nmNC4mz0OL0u2HKD64D0D3VW5O51W1dUA5FHrTLayN-Xg7376CkXr51oKAdWFDJowJQDu2EGoiZHIC3XmM2brCQNPGcvfHT7A0aw9plI94fwIs3NQ:1raEfb:kEk_-ZVd_P99-UjJN-MyFp7Vf6b1yGkkr2A_XkcUSIM", "expire_date": "2024-02-28T12:47:23.428Z"}}, {"model": "sessions.session", "pk": "rzadeohflv8ue0zo91uocqynczq468pr", "fields": {"session_data": ".eJxVjMsOwiAQRf-FtSHAhEdduvcbCMNMpWogKe3K-O9K0oVu7znnvkRM-1bi3nmNC4mz0OL0u2HKD64D0D3VW5O51W1dUA5FHrTLayN-Xg7376CkXr51oKAdWFDJowJQDu2EGoiZHIC3XmM2brCQNPGcvfHT7A0aw9plI94fwIs3NQ:1rfMoJ:3mGVEmUbQHgTfYpJjFHjdpeUjOd-0qetubm5OeSlUlE", "expire_date": "2024-03-13T16:29:35.533Z"}}, {"model": "sessions.session", "pk": "whe2i4nnrrspb7m1l89cfqbt8fumii5j", "fields": {"session_data": ".eJxVjMsOwiAQRf-FtSHAhEdduvcbCMNMpWogKe3K-O9K0oVu7znnvkRM-1bi3nmNC4mz0OL0u2HKD64D0D3VW5O51W1dUA5FHrTLayN-Xg7376CkXr51oKAdWFDJowJQDu2EGoiZHIC3XmM2brCQNPGcvfHT7A0aw9plI94fwIs3NQ:1rWMnR:ZfJsA8k_SKp6X58wPUsVv-fss-C_Oo8dZTvLnQLiIzw", "expire_date": "2024-02-17T20:39:29.075Z"}}, {"model": "sessions.session", "pk": "zyg3tgp1qtmg9sdjr82gflxarvcdz0aj", "fields": {"session_data": ".eJxVjMsOwiAQRf-FtSHAhEdduvcbCMNMpWogKe3K-O9K0oVu7znnvkRM-1bi3nmNC4mz0OL0u2HKD64D0D3VW5O51W1dUA5FHrTLayN-Xg7376CkXr51oKAdWFDJowJQDu2EGoiZHIC3XmM2brCQNPGcvfHT7A0aw9plI94fwIs3NQ:1rY1lN:swLbVAoNmUY8cvfcXfdIDZtx9W13W-JvLfypCzFyFg4", "expire_date": "2024-02-22T10:36:13.830Z"}}, {"model": "sites.site", "pk": 1, "fields": {"domain": "127.0.0.1:8000/", "name": "jpc.com"}}, {"model": "blog.post", "pk": 1, "fields": {"title": "first post", "slug": "first-post", "author": 1, "content": "just trying to figure out something Lorem ipsum dolor sit amet consectetur adipisicing elit. Itaque ipsa consequatur, facere distinctio voluptatum asperiores nemo voluptatibus rem. Cumque odio suscipit quas dolore sed saepe adipisci sapiente voluptate fugiat voluptatem. Lorem ipsum dolor sit amet consectetur adipisicing elit. Itaque ipsa consequatur, facere distinctio voluptatum asperiores nemo voluptatibus rem. Cumque odio suscipit quas dolore sed saepe adipisci sapiente voluptate fugiat voluptatem.\r\nLorem ipsum dolor sit amet consectetur adipisicing elit. Itaque ipsa consequatur, facere distinctio voluptatum asperiores nemo voluptatibus rem. Cumque odio suscipit quas dolore sed saepe adipisci sapiente voluptate fugiat voluptatem.", "publish": "2024-01-30T20:05:26Z", "created": "2024-01-30T20:05:26.180Z", "updated": "2024-02-27T12:19:51.829Z", "status": "published"}}, {"model": "blog.post", "pk": 2, "fields": {"title": "Second Post", "slug": "second-post", "author": 1, "content": "This is the second post, still trying to figure out somethings", "publish": "2024-01-31T12:24:21Z", "created": "2024-01-31T12:25:44.535Z", "updated": "2024-02-28T19:25:24.807Z", "status": "published"}}, {"model": "blog.post", "pk": 3, "fields": {"title": "shell", "slug": "shell", "author": 2, "content": "Working with shell.", "publish": "2024-01-31T12:55:24Z", "created": "2024-01-31T12:55:41.328Z", "updated": "2024-02-27T12:48:04.841Z", "status": "published"}}, {"model": "blog.post", "pk": 4, "fields": {"title": "first post", "slug": "first-post", "author": 2, "content": "just trying out something cool!", "publish": "2024-02-05T16:45:37Z", "created": "2024-02-05T16:49:49.981Z", "updated": "2024-02-05T20:08:02.252Z", "status": "published"}}, {"model": "blog.post", "pk": 5, "fields": {"title": "second event", "slug": "second-event", "author": 2, "content": "Yeah, its good to be good", "publish": "2024-02-05T20:06:39Z", "created": "2024-02-05T20:07:14.394Z", "updated": "2024-02-27T13:12:20.823Z", "status": "published"}}, {"model": "blog.post", "pk": 6, "fields": {"title": "markdown", "slug": "markdown", "author": 2, "content": "This is a post formatted with markdown\r\n--------------------------------------\r\n*This is emphasized* and **this is more emphasized**.\r\n\r\nHere is a list:\r\n\r\n* One\r\n* Two\r\n* Three", "publish": "2024-03-06T19:50:26Z", "created": "2024-03-06T19:51:15.871Z", "updated": "2024-03-07T09:31:19.359Z", "status": "published"}}, {"model": "blog.comment", "pk": 1, "fields": {"post": 1, "name": "john", "email": "jpc@mail.com", "content": "Its amazing.", "created": "2024-02-09T11:59:38.287Z", "updated": "2024-02-10T21:11:43.496Z", "active": true}}, {"model": "blog.comment", "pk": 2, "fields": {"post": 2, "name": "jpc@mail.com", "email": "john", "content": "Pastor Willson is fair in complexion", "created": "2024-02-09T12:13:09.966Z", "updated": "2024-02-09T12:13:09.966Z", "active": false}}, {"model": "blog.comment", "pk": 3, "fields": {"post": 1, "name": "jpc1", "email": "jpc@gmail.com", "content": "vg", "created": "2024-02-10T21:12:23.503Z", "updated": "2024-02-10T21:12:23.503Z", "active": true}}, {"model": "blog.comment", "pk": 4, "fields": {"post": 1, "name": "Johnpaul Gabriel", "email": "admin2@gmail.com", "content": "fds", "created": "2024-02-10T21:15:56.781Z", "updated": "2024-02-10T21:15:56.781Z", "active": true}}, {"model": "blog.comment", "pk": 5, "fields": {"post": 2, "name": "Johnpaul Chigozie Gabriel", "email": "jpcwork081@gmail.com", "content": "Cool", "created": "2024-02-11T16:41:14.648Z", "updated": "2024-02-11T16:41:14.648Z", "active": true}}, {"model": "blog.comment", "pk": 6, "fields": {"post": 2, "name": "Johnpaul Chigozie Gabriel", "email": "jpcwork081@gmail.com", "content": "Second comment!", "created": "2024-02-11T16:58:03.356Z", "updated": "2024-02-11T16:58:03.356Z", "active": true}}, {"model": "blog.comment", "pk": 7, "fields": {"post": 2, "name": "Johnpaul Chigozie Gabriel", "email": "jpcwork081@gmail.com", "content": "Second comment!", "created": "2024-02-11T16:58:32.036Z", "updated": "2024-02-11T16:58:32.036Z", "active": true}}, {"model": "blog.comment", "pk": 8, "fields": {"post": 2, "name": "Johnpaul Chigozie Gabriel", "email": "jpcwork081@gmail.com", "content": "Second comment!", "created": "2024-02-11T16:58:52.139Z", "updated": "2024-02-11T16:58:52.139Z", "active": true}}, {"model": "blog.comment", "pk": 9, "fields": {"post": 2, "name": "Johnpaul", "email": "jpcwork081@gmail.com", "content": "testing", "created": "2024-02-11T17:00:05.221Z", "updated": "2024-02-11T17:00:05.221Z", "active": true}}, {"model": "blog.comment", "pk": 10, "fields": {"post": 2, "name": "Johnpaul", "email": "jpcwork081@gmail.com", "content": "testing", "created": "2024-02-11T17:15:02.114Z", "updated": "2024-02-11T17:15:02.114Z", "active": true}}, {"model": "blog.comment", "pk": 11, "fields": {"post": 2, "name": "Johnpaul", "email": "jpcwork081@gmail.com", "content": "testing", "created": "2024-02-11T17:15:28.405Z", "updated": "2024-02-11T17:15:28.405Z", "active": true}}, {"model": "blog.comment", "pk": 12, "fields": {"post": 2, "name": "Johnpaul", "email": "jpcwork081@gmail.com", "content": "This is an amazing work", "created": "2024-02-11T17:15:55.860Z", "updated": "2024-02-11T17:15:55.860Z", "active": true}}, {"model": "blog.comment", "pk": 13, "fields": {"post": 2, "name": "jpc1", "email": "jpc@gmail.com", "content": "Help me.", "created": "2024-02-11T17:23:14.136Z", "updated": "2024-02-11T17:23:14.136Z", "active": true}}, {"model": "blog.comment", "pk": 14, "fields": {"post": 2, "name": "jpc1", "email": "jpc@gmail.com", "content": "Help me.", "created": "2024-02-11T17:23:36.707Z", "updated": "2024-02-11T17:23:36.707Z", "active": true}}, {"model": "blog.comment", "pk": 15, "fields": {"post": 2, "name": "jpc1", "email": "jpc@gmail.com", "content": "Dont be proud", "created": "2024-02-11T17:35:06.688Z", "updated": "2024-02-11T17:35:06.688Z", "active": true}}, {"model": "taggit.tag", "pk": 1, "fields": {"name": "news", "slug": "news"}}, {"model": "taggit.tag", "pk": 2, "fields": {"name": "politics", "slug": "politics"}}, {"model": "taggit.tag", "pk": 3, "fields": {"name": "religion", "slug": "religion"}}, {"model": "taggit.tag", "pk": 4, "fields": {"name": "tech", "slug": "tech"}}, {"model": "taggit.tag", "pk": 5, "fields": {"name": "event", "slug": "event"}}, {"model": "taggit.tag", "pk": 6, "fields": {"name": "new", "slug": "new"}}, {"model": "taggit.taggeditem", "pk": 1, "fields": {"tag": 1, "content_type": 7, "object_id": 1}}, {"model": "taggit.taggeditem", "pk": 3, "fields": {"tag": 2, "content_type": 7, "object_id": 2}}, {"model": "taggit.taggeditem", "pk": 4, "fields": {"tag": 3, "content_type": 7, "object_id": 2}}, {"model": "taggit.taggeditem", "pk": 5, "fields": {"tag": 4, "content_type": 7, "object_id": 3}}, {"model": "taggit.taggeditem", "pk": 6, "fields": {"tag": 1, "content_type": 7, "object_id": 2}}, {"model": "taggit.taggeditem", "pk": 7, "fields": {"tag": 3, "content_type": 7, "object_id": 1}}, {"model": "taggit.taggeditem", "pk": 8, "fields": {"tag": 4, "content_type": 7, "object_id": 1}}, {"model": "taggit.taggeditem", "pk": 12, "fields": {"tag": 2, "content_type": 7, "object_id": 1}}, {"model": "taggit.taggeditem", "pk": 15, "fields": {"tag": 5, "content_type": 7, "object_id": 5}}, {"model": "taggit.taggeditem", "pk": 16, "fields": {"tag": 6, "content_type": 7, "object_id": 6}}]